1011,1,6/18/2019 4:33:06 PM
1012,1,6/18/2019 4:33:06 PM
1011,1,6/18/2019 4:33:36 PM
1012,1,6/18/2019 4:33:36 PM
1011,1,6/18/2019 4:35:57 PM
1012,1,6/18/2019 4:35:57 PM
1011,1,6/18/2019 4:41:29 PM
1012,1,6/18/2019 4:41:29 PM
1011,1,6/19/2019 10:34:38 AM
1012,1,6/19/2019 10:34:38 AM
1013,1,6/19/2019 10:34:38 AM
1011,1,6/19/2019 10:39:28 AM
1012,1,6/19/2019 10:39:28 AM
1013,1,6/19/2019 10:39:28 AM
1011,1,6/19/2019 10:40:03 AM
1012,1,6/19/2019 10:40:03 AM
1013,1,6/19/2019 10:40:03 AM
1016,1,6/19/2019 10:40:03 AM
1011,1,6/19/2019 10:41:44 AM
1012,1,6/19/2019 10:41:44 AM
1013,1,6/19/2019 10:41:44 AM
1016,1,6/19/2019 10:41:44 AM
1011,1,6/19/2019 12:27:07 PM
1012,1,6/19/2019 12:27:07 PM
1013,1,6/19/2019 12:27:07 PM
1016,1,6/19/2019 12:27:07 PM
1017,1,6/19/2019 12:27:07 PM
1018,1,6/19/2019 12:27:07 PM
1019,1,6/19/2019 12:27:07 PM
1011,1,6/19/2019 12:30:24 PM
1012,1,6/19/2019 12:30:24 PM
1013,1,6/19/2019 12:30:24 PM
1016,1,6/19/2019 12:30:24 PM
1017,1,6/19/2019 12:30:24 PM
1018,1,6/19/2019 12:30:24 PM
1019,1,6/19/2019 12:30:24 PM
1011,1,6/19/2019 12:43:53 PM
1011,1,6/19/2019 4:15:39 PM
1011,1,6/19/2019 4:18:46 PM
1011,1,6/19/2019 4:19:47 PM
1011,1,6/19/2019 4:21:43 PM
1011,1,6/19/2019 4:25:32 PM
1011,1,6/19/2019 4:33:51 PM
1011,1,6/19/2019 4:42:07 PM
1011,1,6/19/2019 4:43:32 PM
1011,1,6/19/2019 4:44:18 PM
1011,1,6/19/2019 4:44:18 PM
1011,1,6/19/2019 4:46:50 PM
1011,1,6/19/2019 4:49:09 PM
1011,1,6/19/2019 4:49:22 PM
1011,1,6/19/2019 4:49:22 PM
1011,1,6/19/2019 4:49:23 PM
1011,1,6/19/2019 4:50:56 PM
1011,1,6/19/2019 4:52:07 PM
1011,1,6/19/2019 4:56:46 PM
1011,1,6/19/2019 5:02:58 PM
1011,1,6/19/2019 5:11:40 PM
1011,1,6/19/2019 5:13:56 PM
1011,1,6/19/2019 5:14:35 PM
1011,1,6/19/2019 5:16:59 PM
1012,1,6/19/2019 5:38:43 PM
1012,1,7/25/2019 8:52:29 AM
1012,1,7/25/2019 8:52:57 AM
1012,1,7/25/2019 9:12:37 AM
